timestamp,gaze_x,gaze_y,target_x,target_y,error_px,dwell_ms
1790473054.0573304,866,578,,,nan,1500
1790473057.8912656,860,533,,,nan,1500
1790473064.173316,954,529,,,nan,1500
1790473066.81878,877,587,,,nan,1500
1790473079.4943428,1014,517,,,nan,1500
1790473086.198083,972,531,,,nan,1500
1790473097.5618865,856,532,,,nan,1500
1790473099.9428246,965,522,,,nan,1500
1790473103.3308475,977,521,,,nan,1500
1790473106.02943,849,539,,,nan,1500
1790473107.7224662,851,541,,,nan,1500
1790473110.3880267,916,518,,,nan,1500
1790473114.8742466,791,540,,,nan,1500
1790473118.0569642,992,518,,,nan,1500
1790473123.1630092,1033,504,,,nan,1500
1790473126.3051486,877,587,,,nan,1500
1790473131.8768008,860,533,,,nan,1500
1790473137.0621176,877,588,,,nan,1500
1790473141.4524474,971,526,,,nan,1500
